"Source:","D:\kicad-workspace\usbc-daughter-board\pcb\usbc-daughter-board.kicad_sch"
"Date:","2022-07-11 9:58:13 AM"
"Tool:","Eeschema (6.0.5)"
"Generator:","D:\program-files\kicad\bin\scripting\plugins/bom_csv_grouped_by_value_with_fp.py"
"Component Count:","13"
"Designator","Quantity","Value","Footprint","Manufacturer","Manufacturer Part #","Digikey Part #"
"C1, ","1","100n","Capacitor_SMD:C_0603_1608Metric","Samsung Electro-Mechanics","CL10B104KB8NNWC","1276-1935-1-ND"
"D1, ","1","D_TVS","Diode_SMD:D_SOD-123","Comchip Technology","ATV02W5V0B-HF","641-1986-1-ND"
"F1, ","1","500mA","Fuse:Fuse_0603_1608Metric","Littelfuse Inc.","1206L050/15YR","F3733CT-ND"
"H1, H2, H3, H4, ","4","M2","MountingHole:MountingHole_2.2mm_M2_Pad","","",""
"J1, ","1","USB4105-GF-A","Connector_USB:USB_C_Receptacle_GCT_USB4105-GF-A","","",""
"J2, ","1","SM04B-SURS-TF","Connector_JST:JST_SUR_SM04B-SURS-TF_1x04-1MP_P0.80mm_Horizontal","JST Sales America Inc.","SM04B-SURS-TF(LF)(SN)","455-3589-1-ND"
"L1, ","1","60R@100MHz","Inductor_SMD:L_0603_1608Metric","TDK Corporation","MAF1608GAD471LTAH0","445-181517-1-ND"
"R1, R2, ","2","5k1","Resistor_SMD:R_0603_1608Metric","Stackpole Electronics Inc.","RMCF0603FT5K10","RMCF0603FT5K10CT-ND"
"U1, ","1","TPD4E001","Package_TO_SOT_SMD:SOT-23-6","Texas Instruments ","TPD4E001QDBVRQ1","296-39344-1-ND"
